<?xml version="1.0" encoding="UTF-8"?>
<TemplateApplicationInput xmlns="http://schemas.altair.com/pbs/2007/02/app-def"
	xmlns:xi="http://www.w3.org/2001/XInclude"
	xmlns:xsi="http://www.w3.org/2001/XMLSchema-instance">
	<ApplicationId>SleepApp</ApplicationId>
	<ApplicationName>SleepApp</ApplicationName>

	<ArgumentChoice>
		<ArgumentString>
			<Name>JOB_NAME</Name>
			<Description>The name of the job.</Description>
			<DisplayName>Job Name</DisplayName>
			<InputRequired>true</InputRequired>
		</ArgumentString>
	</ArgumentChoice>

	<ArgumentChoice>
		<ArgumentInt>
			<Name>NCPUS</Name>
			<Description>The total number of processors.</Description>
			<DisplayName>Number of Processors</DisplayName>
			<InputRequired>true</InputRequired>
			<LowerBound>1</LowerBound>
			<Value>1</Value>
		</ArgumentInt>
	</ArgumentChoice>

	<ArgumentChoice>
		<ArgumentInt>
			<Name>MEM</Name>
			<Description>The total physical memory requested.</Description>
			<DisplayName>Amount of Memory (MB)</DisplayName>
			<InputRequired>true</InputRequired>
			<LowerBound>10</LowerBound>
			<Value>10</Value>
		</ArgumentInt>
	</ArgumentChoice>

	<ArgumentChoice>
		<ArgumentInt>
			<Name>SLEEP_TIME</Name>
			<Description>The total Time to sleep.</Description>
			<DisplayName>Sleep Time (Sec)</DisplayName>
			<InputRequired>true</InputRequired>
			<Value>10</Value>
		</ArgumentInt>
	</ArgumentChoice>

	<ArgumentChoice>
		<ArgumentDirectoryName>
			<Name>SUBMISSION_DIRECTORY</Name>
			<Description>Result files will be placed here by PBS Desktop.</Description>
			<DisplayName>Output Directory</DisplayName>
			<InputRequired>true</InputRequired>
		</ArgumentDirectoryName>
	</ArgumentChoice>

	<ArgumentChoice>
		<ArgumentLabel>
			<Name>Test</Name>
			<Value>Test Label</Value>
			<InputRequired>true</InputRequired>
		</ArgumentLabel>
	</ArgumentChoice>
</TemplateApplicationInput>
